<?xml version="1.0" encoding="UTF-8"?><idempiere Name="RP402" Version="1" idempiereVersion="" DataBaseVersion="" Description="" Author="" AuthorEmail="" CreatedDate="2025-09-30 10:28:22.921" UpdatedDate="2025-09-30 10:28:22.921" PackOutVersion="100" UpdateDictionary="false" Client="0-SYSTEM-System" AD_Client_UU="11237b53-9592-4af1-b3c5-afd216514b5d">
    <AD_Attachment type="table">
        <AD_Client_ID>0</AD_Client_ID>
        <AD_Org_ID>0</AD_Org_ID>
        <IsActive>Y</IsActive>
        <AD_Table_ID reference="id">284</AD_Table_ID>
        <Record_ID reference="uuid" reference-key="AD_Process">6eb58600-744b-46b6-baa3-4bfd4752dacc</Record_ID>
        <BinaryData>1.dat|byte[]</BinaryData>
        <Title>xml</Title>
        <TextMsg/>
        <AD_Attachment_UU>6e46adfd-af4e-478a-8c59-b388fc6fe8dd</AD_Attachment_UU>
        <AD_StorageProvider_ID reference="uuid" reference-key="AD_StorageProvider">74392c1b-3216-49fa-b67f-958648cbeea0</AD_StorageProvider_ID>
        <Record_UU>6eb58600-744b-46b6-baa3-4bfd4752dacc</Record_UU>
    </AD_Attachment>
    <AD_Process type="table">
        <AD_Client_ID>0</AD_Client_ID>
        <AD_Org_ID>0</AD_Org_ID>
        <IsActive>Y</IsActive>
        <Name>Purchase Order Report [RP.402]</Name>
        <Description>Purchase Order Report [RP.402]</Description>
        <Help>&lt;br/&gt;Purchase Order Report
&lt;br/&gt;&lt;p hidden&gt;"Reports Base"/opt/reports/reports_base/c_order_po/c_order_po.jasper&lt;/p&gt;</Help>
        <ProcedureName/>
        <IsReport>Y</IsReport>
        <Value>0402</Value>
        <IsDirectPrint>N</IsDirectPrint>
        <AD_ReportView_ID reference="id"/>
        <Classname/>
        <AccessLevel>3</AccessLevel>
        <EntityType>cnet</EntityType>
        <Statistic_Count>0</Statistic_Count>
        <Statistic_Seconds>0</Statistic_Seconds>
        <AD_PrintFormat_ID reference="id"/>
        <WorkflowValue/>
        <AD_Workflow_ID reference="id"/>
        <IsBetaFunctionality>N</IsBetaFunctionality>
        <ShowHelp>Y</ShowHelp>
        <JasperReport>attachment:c_order_po.jrxml</JasperReport>
        <AD_Form_ID reference="id"/>
        <CopyFromProcess>N</CopyFromProcess>
        <AD_Process_UU>6eb58600-744b-46b6-baa3-4bfd4752dacc</AD_Process_UU>
        <AD_CtxHelp_ID reference="id"/>
        <ExecutionType/>
        <AllowMultipleExecution>P</AllowMultipleExecution>
        <FileNamePattern/>
        <AD_Image_ID reference="id"/>
        <LIT_isBatchPrint>N</LIT_isBatchPrint>
        <ParameterValue/>
        <IsMultiRowOnly>N</IsMultiRowOnly>
        <AD_Process_Trl type="translation">
            <Description>Purchase Order Report [RP.402]</Description>
            <Help>&lt;br/&gt;Purchase Order Report
&lt;br/&gt;&lt;p hidden&gt;"Reports Base"/opt/reports/reports_base/c_order_po/c_order_po.jasper&lt;/p&gt;</Help>
            <Name>Purchase Order Report [RP.402]</Name>
            <AD_Language>de_DE</AD_Language>
            <IsActive>Y</IsActive>
            <IsTranslated>N</IsTranslated>
        </AD_Process_Trl>
        <AD_Process_Trl type="translation">
            <Description>Purchase Order Report [RP.402]</Description>
            <Help>&lt;br/&gt;Purchase Order Report
&lt;br/&gt;&lt;p hidden&gt;"Reports Base"/opt/reports/reports_base/c_order_po/c_order_po.jasper&lt;/p&gt;</Help>
            <Name>Purchase Order Report [RP.402]</Name>
            <AD_Language>es_ES</AD_Language>
            <IsActive>Y</IsActive>
            <IsTranslated>N</IsTranslated>
        </AD_Process_Trl>
        <AD_Process_Trl type="translation">
            <Description>Purchase Order Report [RP.402]</Description>
            <Help>&lt;br/&gt;Purchase Order Report
&lt;br/&gt;&lt;p hidden&gt;"Reports Base"/opt/reports/reports_base/c_order_po/c_order_po.jasper&lt;/p&gt;</Help>
            <Name>Purchase Order Report [RP.402]</Name>
            <AD_Language>fr_FR</AD_Language>
            <IsActive>Y</IsActive>
            <IsTranslated>N</IsTranslated>
        </AD_Process_Trl>
        <AD_Process_Trl type="translation">
            <Description>Report ordine di acquisto</Description>
            <Help>Questo report visualizza l'ordine d'acquisto&lt;br&gt;

(Codice report:0402)</Help>
            <Name>Report ordine di acquisto</Name>
            <AD_Language>it_IT</AD_Language>
            <IsActive>Y</IsActive>
            <IsTranslated>Y</IsTranslated>
        </AD_Process_Trl>
        <AD_Process_Para type="table">
            <AD_Client_ID>0</AD_Client_ID>
            <AD_Org_ID>0</AD_Org_ID>
            <IsActive>Y</IsActive>
            <Name>Language</Name>
            <Description>Language for this entity</Description>
            <Help>The Language identifies the language to use for display and formatting</Help>
            <AD_Process_ID reference="uuid" reference-key="AD_Process">6eb58600-744b-46b6-baa3-4bfd4752dacc</AD_Process_ID>
            <SeqNo>10</SeqNo>
            <AD_Reference_ID reference="id">18</AD_Reference_ID>
            <AD_Reference_Value_ID reference="id">327</AD_Reference_Value_ID>
            <IsRange>N</IsRange>
            <AD_Val_Rule_ID reference="id"/>
            <FieldLength>6</FieldLength>
            <IsMandatory>N</IsMandatory>
            <DefaultValue>@SQL=SELECT ad_language FROM c_bpartner WHERE c_bpartner_id = @C_BPartner_ID@</DefaultValue>
            <VFormat/>
            <ValueMin/>
            <ValueMax/>
            <ColumnName>AD_Language</ColumnName>
            <DefaultValue2/>
            <IsCentrallyMaintained>Y</IsCentrallyMaintained>
            <EntityType>cnet</EntityType>
            <AD_Element_ID reference="id">109</AD_Element_ID>
            <ReadOnlyLogic/>
            <DisplayLogic/>
            <AD_Process_Para_UU>42bb67f4-d744-4525-a738-8b97cd4d0b63</AD_Process_Para_UU>
            <IsEncrypted>N</IsEncrypted>
            <MandatoryLogic/>
            <Query/>
            <AD_FieldGroup_ID reference="id"/>
            <Placeholder/>
            <Placeholder2/>
            <IsAutocomplete>N</IsAutocomplete>
            <DateRangeOption>D</DateRangeOption>
            <IsShowNegateButton>N</IsShowNegateButton>
            <AD_Process_Para_Trl type="translation">
                <Description>Language for this entity</Description>
                <Help>The Language identifies the language to use for display and formatting</Help>
                <Name>Language</Name>
                <Placeholder/>
                <Placeholder2/>
                <AD_Language>es_ES</AD_Language>
                <IsActive>Y</IsActive>
                <IsTranslated>N</IsTranslated>
            </AD_Process_Para_Trl>
            <AD_Process_Para_Trl type="translation">
                <Description>Language for this entity</Description>
                <Help>The Language identifies the language to use for display and formatting</Help>
                <Name>Language</Name>
                <Placeholder/>
                <Placeholder2/>
                <AD_Language>fr_FR</AD_Language>
                <IsActive>Y</IsActive>
                <IsTranslated>N</IsTranslated>
            </AD_Process_Para_Trl>
            <AD_Process_Para_Trl type="translation">
                <Description>Language for this entity</Description>
                <Help>The Language identifies the language to use for display and formatting</Help>
                <Name>Language</Name>
                <Placeholder/>
                <Placeholder2/>
                <AD_Language>it_IT</AD_Language>
                <IsActive>Y</IsActive>
                <IsTranslated>N</IsTranslated>
            </AD_Process_Para_Trl>
            <AD_Process_Para_Trl type="translation">
                <Description>Language for this entity</Description>
                <Help>The Language identifies the language to use for display and formatting</Help>
                <Name>Language</Name>
                <Placeholder/>
                <Placeholder2/>
                <AD_Language>de_DE</AD_Language>
                <IsActive>Y</IsActive>
                <IsTranslated>N</IsTranslated>
            </AD_Process_Para_Trl>
        </AD_Process_Para>
    </AD_Process>
    <AD_Message type="table">
        <AD_Client_ID>0</AD_Client_ID>
        <AD_Org_ID>0</AD_Org_ID>
        <MsgType>I</MsgType>
        <MsgText>Dear</MsgText>
        <MsgTip/>
        <IsActive>Y</IsActive>
        <Value>LIT_RP_402_TitleFirm</Value>
        <EntityType>cnet</EntityType>
        <AD_Message_UU>d135c20f-33f4-422c-a8ea-87b90e9e9510</AD_Message_UU>
        <AD_Message_Trl type="translation">
            <MsgText>Dear</MsgText>
            <MsgTip/>
            <AD_Language>de_DE</AD_Language>
            <IsActive>Y</IsActive>
            <IsTranslated>N</IsTranslated>
        </AD_Message_Trl>
        <AD_Message_Trl type="translation">
            <MsgText>Dear</MsgText>
            <MsgTip/>
            <AD_Language>es_ES</AD_Language>
            <IsActive>Y</IsActive>
            <IsTranslated>N</IsTranslated>
        </AD_Message_Trl>
        <AD_Message_Trl type="translation">
            <MsgText>Dear</MsgText>
            <MsgTip/>
            <AD_Language>fr_FR</AD_Language>
            <IsActive>Y</IsActive>
            <IsTranslated>N</IsTranslated>
        </AD_Message_Trl>
        <AD_Message_Trl type="translation">
            <MsgText>Spett.le</MsgText>
            <MsgTip/>
            <AD_Language>it_IT</AD_Language>
            <IsActive>Y</IsActive>
            <IsTranslated>Y</IsTranslated>
        </AD_Message_Trl>
    </AD_Message>
    <AD_Message type="table">
        <AD_Client_ID>0</AD_Client_ID>
        <AD_Org_ID>0</AD_Org_ID>
        <MsgType>I</MsgType>
        <MsgText>Ship to</MsgText>
        <MsgTip/>
        <IsActive>Y</IsActive>
        <Value>LIT_RP_402_ShipTo</Value>
        <EntityType>cnet</EntityType>
        <AD_Message_UU>6ab30f3a-cf36-4bfa-b66b-d0bec6ff4195</AD_Message_UU>
        <AD_Message_Trl type="translation">
            <MsgText>Ship to</MsgText>
            <MsgTip/>
            <AD_Language>de_DE</AD_Language>
            <IsActive>Y</IsActive>
            <IsTranslated>N</IsTranslated>
        </AD_Message_Trl>
        <AD_Message_Trl type="translation">
            <MsgText>Ship to</MsgText>
            <MsgTip/>
            <AD_Language>es_ES</AD_Language>
            <IsActive>Y</IsActive>
            <IsTranslated>N</IsTranslated>
        </AD_Message_Trl>
        <AD_Message_Trl type="translation">
            <MsgText>Ship to</MsgText>
            <MsgTip/>
            <AD_Language>fr_FR</AD_Language>
            <IsActive>Y</IsActive>
            <IsTranslated>N</IsTranslated>
        </AD_Message_Trl>
        <AD_Message_Trl type="translation">
            <MsgText>Destinazione</MsgText>
            <MsgTip/>
            <AD_Language>it_IT</AD_Language>
            <IsActive>Y</IsActive>
            <IsTranslated>Y</IsTranslated>
        </AD_Message_Trl>
    </AD_Message>
</idempiere>
